<?xml version="1.0" encoding="utf-8" standalone="yes"?>

<?xml-stylesheet href="./_c74_ref.xsl" type="text/xsl"?>

<!--This is an automatically generated file. DO NOT EDIT THIS FILE DIRECTLY. Rather, use the _ref.xml files found in the 'edits' folder.-->
<c74object name="zsa.slope">
	<digest>
		<o>
			zsa.slope~
		</o>
		returns an estimation of the amount of spectral magnitude decreasing, computed by a linear regression on a numeric spectral magnitude list.
	</digest>
	<description>
		The spectral magnitude decreasing is computed by linear regression on the magnitude spectra, returning the slope of the straight line. 
		The object works in the control domain, so you can use it on any set of numerical data (float or integers). 
		It could be used, for example, with 
		<o>
			zsa.bark~
		</o>
		or 
		<o>
			zsa.mel~
		</o>
		.
	</description>
	<!--METADATA-->
	<metadatalist>
		<metadata name="author">
			Emmanuel Jourdan &amp; Mikhail Malt
		</metadata>
		<metadata name="tag">
			Sound Descriptors, Analysis
		</metadata>
	</metadatalist>
	<!--INLETS-->
	<inletlist>
		<inlet id="0" name="INLET_NAME">
			<digest>
				MIDI Note Number In
			</digest>
			<description>
				TEXT_HERE
			</description>
		</inlet>
		<inlet id="1" name="INLET_NAME">
			<digest>
				MIDI Note Number In
			</digest>
			<description>
				TEXT_HERE
			</description>
		</inlet>
	</inletlist>
	<!--OUTLETS-->
	<outletlist>
		<outlet id="0" name="OUTLET_NAME">
			<digest>
				Frequency Out
			</digest>
			<description>
				TEXT_HERE
			</description>
		</outlet>
	</outletlist>
	<!--ARGUMENTS-->
	<objarglist>
		<objarg id="0" name="OBJARG_NAME" type="OBJARG_TYPE" optional="0">
			<digest>
				TEXT_HERE
			</digest>
			<description>
				TEXT_HERE
			</description>
		</objarg>
	</objarglist>
	<!--MESSAGES-->
	<methodlist>
		<method name="list">
			<arglist>
				<arg id="0" name="input" type="list" optional="0" />
			</arglist>
			<digest>
				TEXT_HERE
			</digest>
			<description>
				Bark or Mel bands to be analyzed.
			</description>
		</method>
		<method name="(mouse)">
			<digest>
				TEXT_HERE
			</digest>
			<description>
				Double-clicking on the object causes the Zsa Descriptors splash screen to appear. You'll find the version number and date there.
			</description>
		</method>
	</methodlist>
	<!--ATTRIBUTES-->
	<attributelist />
	<!--EXAMPLE-->
	<examplelist>
		<example img="" />
	</examplelist>
	<!--SEEALSO-->
	<seealsolist>
		<seealso name="zsa.bark~" />
		<seealso name="zsa.mel~" />
		<seealso name="zsa.slope~" />
		<seealso name="zsa.decrease" />
		<seealso name="zsa.decrease~" />
	</seealsolist>
</c74object>
