<?xml version="1.0" encoding="utf-8" standalone="yes"?>

<?xml-stylesheet href="./_c74_ref.xsl" type="text/xsl"?>

<!--This is an automatically generated file. DO NOT EDIT THIS FILE DIRECTLY. Rather, use the _ref.xml files found in the 'edits' folder.-->
<c74object name="zsa.fund">
	<digest>
		Estimate fundamental frequency of a list of Frequency / Amplitude Pairs.
	</digest>
	<description>
		<o>
			zsa.fund
		</o>
		is based on the harmonic histogram technic described by Jean Laroche [J. Laroche, Traitement des signaux audio-fréquences,TELECOM, Handout, Paris, France, February 1995., p.52-53]. 
		<o>
			zsa.fund
		</o>
		is an adaptation of this method in order to approximate the result and the research phase for the “best candidate”, by a tempered musical scale with a given division (pitch grid).
	</description>
	<!--METADATA-->
	<metadatalist>
		<metadata name="author">
			Emmanuel Jourdan &amp; Mikhail Malt
		</metadata>
		<metadata name="tag">
			Sound Descriptors, Analysis
		</metadata>
	</metadatalist>
	<!--INLETS-->
	<inletlist>
		<inlet id="0" name="INLET_NAME">
			<digest>
				(list) Frequency Amplitudes Pairs
			</digest>
			<description>
				TEXT_HERE
			</description>
		</inlet>
		<inlet id="1" name="INLET_NAME">
			<digest>
				(list) Frequency Amplitudes Pairs
			</digest>
			<description>
				TEXT_HERE
			</description>
		</inlet>
	</inletlist>
	<!--OUTLETS-->
	<outletlist>
		<outlet id="0" name="OUTLET_NAME">
			<digest>
				MIDI Rounded Frequency Out
			</digest>
			<description>
				TEXT_HERE
			</description>
		</outlet>
	</outletlist>
	<!--ARGUMENTS-->
	<objarglist>
		<objarg id="0" name="OBJARG_NAME" type="OBJARG_TYPE" optional="0">
			<digest>
				TEXT_HERE
			</digest>
			<description>
				TEXT_HERE
			</description>
		</objarg>
	</objarglist>
	<!--MESSAGES-->
	<methodlist>
		<method name="list">
			<arglist>
				<arg id="0" name="input" type="list" optional="0" />
			</arglist>
			<digest>
				TEXT_HERE
			</digest>
			<description>
				a list of pairs frequency and amplitude (most likely to come from 
				<o>
					zsa.freqpeak~
				</o>
				).
			</description>
		</method>
		<method name="(mouse)">
			<digest>
				TEXT_HERE
			</digest>
			<description>
				Double-clicking on the object causes the Zsa Descriptors splash screen to appear. You'll find the version number and date there.
			</description>
		</method>
	</methodlist>
	<!--ATTRIBUTES-->
	<attributelist>
		<attribute name="freqmax" get="1" set="1" type="float" size="1">
			<digest>
				Maximum Frequency
			</digest>
			<description>
				Maximum Frequency to consider finding a fundamental. Default value 22050 Hz.
			</description>
			<attributelist>
				<attribute name="default" get="1" set="1" type="float" size="1" value="22050." />
				<attribute name="label" get="1" set="1" type="symbol" size="1" value="Maximum Frequency" />
			</attributelist>
		</attribute>
		<attribute name="freqmin" get="1" set="1" type="float" size="1">
			<digest>
				Minimum Frequency
			</digest>
			<description>
				Minimum Frequency to consider finding a fundamental. Default value 100 Hz.
			</description>
			<attributelist>
				<attribute name="default" get="1" set="1" type="float" size="1" value="100." />
				<attribute name="label" get="1" set="1" type="symbol" size="1" value="Minimum Frequency" />
			</attributelist>
		</attribute>
		<attribute name="grid" get="1" set="1" type="float" size="1">
			<digest>
				TEXT_HERE
			</digest>
			<description>
				<m>
					grid
				</m>
				sets the half-tone division for a tempered chromatic scale. 1 means a half-tone pitch grid, 0.5 means a quarter-tone pitch grid, and so on.
			</description>
			<attributelist>
				<attribute name="default" get="1" set="1" type="float" size="1" value="1." />
			</attributelist>
		</attribute>
	</attributelist>
	<!--EXAMPLE-->
	<examplelist>
		<example img="" />
	</examplelist>
	<!--SEEALSO-->
	<seealsolist>
		<seealso name="zsa.energy~" />
	</seealsolist>
</c74object>
