<?xml version="1.0" encoding="utf-8" standalone="yes"?>

<?xml-stylesheet href="./_c74_ref.xsl" type="text/xsl"?>

<!--This is an automatically generated file. DO NOT EDIT THIS FILE DIRECTLY. Rather, use the _ref.xml files found in the 'edits' folder.-->
<c74object name="zsa.decrease~">
	<digest>
		Decrease reports the amount of spectral magnitude decreasing.
	</digest>
	<description>
		The object works in the spectral domain, so you need to use it whithin 
		<o>
			pfft~
		</o>
		.
	</description>
	<!--METADATA-->
	<metadatalist>
		<metadata name="author">
			Emmanuel Jourdan &amp; Mikhail Malt
		</metadata>
		<metadata name="tag">
			Sound Descriptors, Analysis
		</metadata>
	</metadatalist>
	<!--INLETS-->
	<inletlist>
		<inlet id="0" name="INLET_NAME">
			<digest>
				not connected, you might wanna do something about that;-)
			</digest>
			<description>
				TEXT_HERE
			</description>
		</inlet>
		<inlet id="1" name="INLET_NAME">
			<digest>
				not connected, you might wanna do something about that;-)
			</digest>
			<description>
				TEXT_HERE
			</description>
		</inlet>
	</inletlist>
	<!--OUTLETS-->
	<outletlist>
		<outlet id="0" name="OUTLET_NAME">
			<digest>
				(signal) Spectral Decrease
			</digest>
			<description>
				TEXT_HERE
			</description>
		</outlet>
	</outletlist>
	<!--ARGUMENTS-->
	<objarglist>
		<objarg id="0" name="OBJARG_NAME" type="OBJARG_TYPE" optional="0">
			<digest>
				TEXT_HERE
			</digest>
			<description>
				TEXT_HERE
			</description>
		</objarg>
	</objarglist>
	<!--MESSAGES-->
	<methodlist>
		<method name="(mouse)">
			<digest>
				TEXT_HERE
			</digest>
			<description>
				Double-clicking on the object causes the Zsa Descriptors splash screen to appear. You'll find the version number and date there.
			</description>
		</method>
		<method name="signal">
			<arglist />
			<digest>
				TEXT_HERE
			</digest>
			<description>
				If both signal inlets are connected, left signal inlet expects real values and right inlet expects imaginary values.
				If the left inlet is the only signal connected input, the signal is interpreted as the energy (you need to calculate it using 
				<o>
					cartopol~
				</o>
				or better 
				<o>
					zsa.energy~
				</o>
				).
			</description>
		</method>
	</methodlist>
	<!--ATTRIBUTES-->
	<attributelist>
		<attribute name="binmin" get="1" set="1" type="int" size="1">
			<digest>
				TEXT_HERE
			</digest>
			<description>
				Specify the index of the minimum bin. This helps to improve calculation by ignoring low frequencies.
			</description>
		</attribute>
	</attributelist>
	<!--EXAMPLE-->
	<examplelist>
		<example img="" />
	</examplelist>
	<!--SEEALSO-->
	<seealsolist>
		<seealso name="zsa.decrease" />
	</seealsolist>
</c74object>
