<?xml version="1.0" encoding="utf-8" standalone="yes"?>

<?xml-stylesheet href="./_c74_ref.xsl" type="text/xsl"?>

<!--This is an automatically generated file. DO NOT EDIT THIS FILE DIRECTLY. Rather, use the _ref.xml files found in the 'edits' folder.-->
<c74object name="zsa.kurtosis~">
	<digest>
		<o>
			zsa.kurtosis~
		</o>
		returns a measure of the flatness of a spectrum around its baricenter (first moment). Its calculated from its 4th order moment. The object works in the spectral domain, so you need to use it whithin 
		<o>
			pfft~
		</o>
		.
	</digest>
	<description>
		The spectral kurtosis value &quot;k&quot; indicates  the peakedness/flatness shape of a spectral distribution 
		[see G. Peeters, A large set of audio features for sound description (similarity and classification) in the Cuidado project. Cuidado projet report, Institut de Recherche et de Coordination Acoustique Musique (IRCAM), 2004, p.14. ]. 
		K = 3 for a normal distribution, K &lt; 3 for a flatter distribution and K &gt; 3 for a peaker distribution.
	</description>
	<!--METADATA-->
	<metadatalist>
		<metadata name="author">
			Emmanuel Jourdan &amp; Mikhail Malt
		</metadata>
		<metadata name="tag">
			Sound Descriptors, Analysis
		</metadata>
	</metadatalist>
	<!--INLETS-->
	<inletlist>
		<inlet id="0" name="INLET_NAME">
			<digest>
				not connected, you might wanna do something about that;-)
			</digest>
			<description>
				TEXT_HERE
			</description>
		</inlet>
		<inlet id="1" name="INLET_NAME">
			<digest>
				not connected, you might wanna do something about that;-)
			</digest>
			<description>
				TEXT_HERE
			</description>
		</inlet>
	</inletlist>
	<!--OUTLETS-->
	<outletlist>
		<outlet id="0" name="OUTLET_NAME">
			<digest>
				(signal) spectral kurtosis
			</digest>
			<description>
				TEXT_HERE
			</description>
		</outlet>
	</outletlist>
	<!--ARGUMENTS-->
	<objarglist>
		<objarg id="0" name="OBJARG_NAME" type="OBJARG_TYPE" optional="0">
			<digest>
				TEXT_HERE
			</digest>
			<description>
				TEXT_HERE
			</description>
		</objarg>
	</objarglist>
	<!--MESSAGES-->
	<methodlist>
		<method name="(mouse)">
			<digest>
				TEXT_HERE
			</digest>
			<description>
				Double-clicking on the object causes the Zsa Descriptors splash screen to appear. You'll find the version number and date there.
			</description>
		</method>
		<method name="signal">
			<arglist />
			<digest>
				TEXT_HERE
			</digest>
			<description>
				If both signal inlets are connected, left signal inlet expects real values and right inlet expects imaginary values.
				If the left inlet is the only signal connected input, the signal is interpreted as the energy (you need to calculate it using 
				<o>
					cartopol~
				</o>
				or better 
				<o>
					zsa.energy~
				</o>
				).
			</description>
		</method>
	</methodlist>
	<!--ATTRIBUTES-->
	<attributelist>
		<attribute name="threshold" get="1" set="1" type="float" size="1">
			<digest>
				Noise Threshold
			</digest>
			<description>
				<m>
					threshold
				</m>
				sets noise threshold in linear scale (default value 0.0). It helps 
				<o>
					zsa.kurtosis~
				</o>
				to avoid calculating values on unwanted smaller low amplitude data.
			</description>
			<attributelist>
				<attribute name="label" get="1" set="1" type="symbol" size="1" value="Noise Threshold" />
			</attributelist>
		</attribute>
	</attributelist>
	<!--EXAMPLE-->
	<examplelist>
		<example img="" />
	</examplelist>
	<!--SEEALSO-->
	<seealsolist>
		<seealso name="zsa.energy~" />
		<seealso name="zsa.centroid~" />
		<seealso name="zsa.spread~" />
		<seealso name="zsa.skewness~" />
	</seealsolist>
</c74object>
