<?xml version="1.0" encoding="utf-8" standalone="yes"?>

<?xml-stylesheet href="./_c74_ref.xsl" type="text/xsl"?>

<!--This is an automatically generated file. DO NOT EDIT THIS FILE DIRECTLY. Rather, use the _ref.xml files found in the 'edits' folder.-->
<c74object name="zsa.mel~">
	<digest>
		Calculates and outputs Mel Coefficients as a list. 
	</digest>
	<description>
		<o>
			zsa.mel~
		</o>
		Outputs Mel Coefficients according using the following formula:
		<br />
		for frequency values &lt;= 1000 Hz, Mel values = frequency
		<br />
		for frequency values &gt; 1000 hZ, Mel values = 1000*(1 + log10 (frequency/1000)) 
		<br />
		<br />
		[see Rabiner, L. and B. Juang (1993). Fundamentals of speech recognition. New York, Prentice-Hall] 
		<br />
	</description>
	<!--METADATA-->
	<metadatalist>
		<metadata name="author">
			Emmanuel Jourdan &amp; Mikhail Malt
		</metadata>
		<metadata name="tag">
			Sound Descriptors, Analysis
		</metadata>
	</metadatalist>
	<!--INLETS-->
	<inletlist>
		<inlet id="0" name="INLET_NAME">
			<digest>
				not connected, you might wanna do something about that;-)
			</digest>
			<description>
				TEXT_HERE
			</description>
		</inlet>
		<inlet id="1" name="INLET_NAME">
			<digest>
				not connected, you might wanna do something about that;-)
			</digest>
			<description>
				TEXT_HERE
			</description>
		</inlet>
	</inletlist>
	<!--OUTLETS-->
	<outletlist>
		<outlet id="0" name="OUTLET_NAME">
			<digest>
				(list) Mel Coefficients
			</digest>
			<description>
				TEXT_HERE
			</description>
		</outlet>
	</outletlist>
	<!--ARGUMENTS-->
	<objarglist>
		<objarg id="0" name="OBJARG_NAME" type="OBJARG_TYPE" optional="0">
			<digest>
				TEXT_HERE
			</digest>
			<description>
				TEXT_HERE
			</description>
		</objarg>
	</objarglist>
	<!--MESSAGES-->
	<methodlist>
		<method name="(mouse)">
			<digest>
				TEXT_HERE
			</digest>
			<description>
				Double-clicking on the object causes the Zsa Descriptors splash screen to appear. You'll find the version number and date there.
			</description>
		</method>
		<method name="signal">
			<arglist />
			<digest>
				TEXT_HERE
			</digest>
			<description>
				If both signal inlets are connected, left signal inlet expects real values and right inlet expects imaginary values.
				If the left inlet is the only signal connected input, the signal is interpreted as the energy (you need to calculate it using 
				<o>
					cartopol~
				</o>
				or better 
				<o>
					zsa.energy~
				</o>
				).
			</description>
		</method>
	</methodlist>
	<!--ATTRIBUTES-->
	<attributelist>
		<attribute name="bands" get="1" set="1" type="int" size="1">
			<digest>
				Number of Mel Bands
			</digest>
			<description>
				<m>
					bands
				</m>
				sets the number of Mel Bands wanted. The default value is 24 bands.
			</description>
			<attributelist>
				<attribute name="label" get="1" set="1" type="symbol" size="1" value="Number of Mel Bands" />
			</attributelist>
		</attribute>
	</attributelist>
	<!--EXAMPLE-->
	<examplelist>
		<example img="" />
	</examplelist>
	<!--SEEALSO-->
	<seealsolist>
		<seealso name="zsa.energy~" />
		<seealso name="zsa.bark~" />
		<seealso name="zsa.mfcc~" />
	</seealsolist>
</c74object>
