<?xml version="1.0" encoding="utf-8" standalone="yes"?>

<?xml-stylesheet href="./_c74_ref.xsl" type="text/xsl"?>

<!--This is an automatically generated file. DO NOT EDIT THIS FILE DIRECTLY. Rather, use the _ref.xml files found in the 'edits' folder.-->
<c74object name="zsa.energy~">
	<digest>
		Calculates the energy of each Frequency Bin (r * r + i * i).
	</digest>
	<description>
		In order to optimize calculation, you can use 
		<o>
			zsa.energy~
		</o>
		to calculate the energy of the spectrum and to share the result. Unlike 
		<o>
			cartopol~
		</o>
		, the output is the energy and not the amplitude (square root of the energy), which also save the expensive cost of square root calculation.
	</description>
	<!--METADATA-->
	<metadatalist>
		<metadata name="author">
			Emmanuel Jourdan &amp; Mikhail Malt
		</metadata>
		<metadata name="tag">
			Sound Descriptors, Analysis
		</metadata>
	</metadatalist>
	<!--INLETS-->
	<inletlist>
		<inlet id="0" name="INLET_NAME">
			<digest>
				(signal) Real / X Input
			</digest>
			<description>
				TEXT_HERE
			</description>
		</inlet>
		<inlet id="1" name="INLET_NAME">
			<digest>
				(signal) Imaginary / Y Input
			</digest>
			<description>
				TEXT_HERE
			</description>
		</inlet>
	</inletlist>
	<!--OUTLETS-->
	<outletlist>
		<outlet id="0" name="OUTLET_NAME">
			<digest>
				(signal) Energy Out
			</digest>
			<description>
				TEXT_HERE
			</description>
		</outlet>
	</outletlist>
	<!--ARGUMENTS-->
	<objarglist>
		<objarg id="0" name="OBJARG_NAME" type="OBJARG_TYPE" optional="0">
			<digest>
				TEXT_HERE
			</digest>
			<description>
				TEXT_HERE
			</description>
		</objarg>
	</objarglist>
	<!--MESSAGES-->
	<methodlist>
		<method name="(mouse)">
			<digest>
				TEXT_HERE
			</digest>
			<description>
				Double-clicking on the object causes the Zsa Descriptors splash screen to appear. You'll find the version number and date there.
			</description>
		</method>
		<method name="signal">
			<arglist />
			<digest>
				TEXT_HERE
			</digest>
			<description>
				In the left inlet: Real
				<br />
				In the right inlet: Imaginary
			</description>
		</method>
	</methodlist>
	<!--ATTRIBUTES-->
	<attributelist />
	<!--EXAMPLE-->
	<examplelist>
		<example img="" />
	</examplelist>
	<!--SEEALSO-->
	<seealsolist>
		<seealso name="cartopol~" />
	</seealsolist>
</c74object>
