<?xml version="1.0" encoding="utf-8" standalone="yes"?>

<?xml-stylesheet href="./_c74_ref.xsl" type="text/xsl"?>

<c74object name="supervp.sourcefilter~">
	<digest>
		SuperVP source-filter cross-synthesis module
	</digest>
	<description>
		                             SuperVP is an extended phase vocoder engine providing high-quality temporal and spectal sound transformations as well as cross-synthesis.                             The module <o>supervp.sourcefilter~</o> performs source-filter cross-synthesis to two incoming sound streams,                              imprinting the spectral envelope of the 'filter' (right inlets) stream to the 'source' stream (left inlets).                             
	</description>

	<!--METADATA-->
	<metadatalist>
		<metadata name="author">
		Ircam | Centre Pompidou
		</metadata>
		<metadata name="copyright">
		 © 1995 - 2011 IRCAM - Centre Pompidou
		</metadata>
		<metadata name="version">
		2.14.6 (Build 07/2011)
		</metadata>
	</metadatalist>

	<!--INLETS-->
	<inletlist>
	</inletlist>

	<!--OUTLETS-->
	<outletlist>
	</outletlist>

	<!--ARGUMENTS-->
	<objarglist>
		<objarg name="channels" type="int" optional="0"> 
			<digest>
			</digest>
			<description>
			</description>
		</objarg>
		<objarg name="window size" type="int" optional="0"> 
			<digest>
			</digest>
			<description>
			</description>
		</objarg>
		<objarg name="frequency oversampling" type="int" optional="0"> 
			<digest>
			</digest>
			<description>
			</description>
		</objarg>
		<objarg name="oversampling" type="float" optional="0"> 
			<digest>
			</digest>
			<description>
			</description>
		</objarg>
	</objarglist>

	<!--ATTRIBUTES-->
	<attributelist>
		<attribute name="envmode" get="1" set="1" type="symbol" size="1">
			<digest>
				Spectral Envelope Estimation Mode
			</digest>
			<description>
				Spectral Envelope Estimation Mode
			</description>
			<attributelist>
				<attribute name="label" get="1" set="1" type="symbol" value="Spectral Envelope Estimation Mode" />
				<attribute name="order" get="1" set="1" type="long" value="102" />
			</attributelist>
		</attribute>

		<attribute name="fftover" get="1" set="1" type="long" size="1">
			<digest>
				Frequency Oversampling
			</digest>
			<description>
				Frequency Oversampling
			</description>
			<attributelist>
				<attribute name="label" get="1" set="1" type="symbol" value="Frequency Oversampling" />
				<attribute name="order" get="1" set="1" type="long" value="3" />
			</attributelist>
		</attribute>

		<attribute name="filter" get="1" set="1" type="float64" size="1">
			<digest>
				Filter Scaling
			</digest>
			<description>
				Filter Scaling
			</description>
			<attributelist>
				<attribute name="label" get="1" set="1" type="symbol" value="Filter Scaling" />
				<attribute name="order" get="1" set="1" type="long" value="101" />
			</attributelist>
		</attribute>

		<attribute name="lpcorder" get="1" set="1" type="long" size="1">
			<digest>
				LPC Order
			</digest>
			<description>
				LPC Order
			</description>
			<attributelist>
				<attribute name="label" get="1" set="1" type="symbol" value="LPC Order" />
				<attribute name="order" get="1" set="1" type="long" value="104" />
			</attributelist>
		</attribute>

		<attribute name="maxfreq" get="1" set="1" type="float64" size="1">
			<digest>
				True Envelope Maximum Frequency
			</digest>
			<description>
				True Envelope Maximum Frequency
			</description>
			<attributelist>
				<attribute name="label" get="1" set="1" type="symbol" value="True Envelope Maximum Frequency" />
				<attribute name="order" get="1" set="1" type="long" value="103" />
			</attributelist>
		</attribute>

		<attribute name="oversamp" get="1" set="1" type="float64" size="1">
			<digest>
				Oversampling Factor
			</digest>
			<description>
				Oversampling Factor
			</description>
			<attributelist>
				<attribute name="label" get="1" set="1" type="symbol" value="Oversampling Factor" />
				<attribute name="order" get="1" set="1" type="long" value="4" />
			</attributelist>
		</attribute>

		<attribute name="source" get="1" set="1" type="float64" size="1">
			<digest>
				Source Scaling
			</digest>
			<description>
				Source Scaling
			</description>
			<attributelist>
				<attribute name="label" get="1" set="1" type="symbol" value="Source Scaling" />
				<attribute name="order" get="1" set="1" type="long" value="100" />
			</attributelist>
		</attribute>

		<attribute name="windowsize" get="1" set="1" type="long" size="1">
			<digest>
				Window Size
			</digest>
			<description>
				Window Size
			</description>
			<attributelist>
				<attribute name="label" get="1" set="1" type="symbol" value="Window Size" />
				<attribute name="order" get="1" set="1" type="long" value="2" />
			</attributelist>
		</attribute>

	</attributelist>

	<!--MESSAGES-->
	<methodlist>
		<method name="getchannels">
			<arglist>
			</arglist>
			<digest>
				Get number of channels (&lt;int: channels&gt;)
			</digest>
			<description>
				Get number of channels (&lt;int: channels&gt;)
			</description>
		</method>
		<method name="getwindowsize">
			<arglist>
			</arglist>
			<digest>
				Get window size (&lt;int: window size&gt;)
			</digest>
			<description>
				Get window size (&lt;int: window size&gt;)
			</description>
		</method>
		<method name="getfftover">
			<arglist>
			</arglist>
			<digest>
				Get frequency oversampling (&lt;int: frequency oversampling&gt;)
			</digest>
			<description>
				Get frequency oversampling (&lt;int: frequency oversampling&gt;)
			</description>
		</method>
		<method name="getoversamp">
			<arglist>
			</arglist>
			<digest>
				Get oversampling (&lt;int: oversampling&gt;)
			</digest>
			<description>
				Get oversampling (&lt;int: oversampling&gt;)
			</description>
		</method>
		<method name="reset">
			<arglist>
			</arglist>
			<digest>
				Empty internal buffers
			</digest>
			<description>
				Empty internal buffers
			</description>
		</method>
		<method name="getlatency">
			<arglist>
			</arglist>
			<digest>
				Get i/o latency
			</digest>
			<description>
				Get i/o latency
			</description>
		</method>
		<method name="getsource">
			<arglist>
			</arglist>
			<digest>
				Get source scaling factors (&lt;list: timbre scaling, mean scaling&gt;)
			</digest>
			<description>
				Get source scaling factors (&lt;list: timbre scaling, mean scaling&gt;)
			</description>
		</method>
		<method name="getfilter">
			<arglist>
			</arglist>
			<digest>
				Get filter scaling factors (&lt;list: timbre scaling, mean scaling&gt;)
			</digest>
			<description>
				Get filter scaling factors (&lt;list: timbre scaling, mean scaling&gt;)
			</description>
		</method>
		<method name="getenvmode">
			<arglist>
			</arglist>
			<digest>
				Get envelope estimation mode for source and filter (&lt;list: source mode, filter mode&gt;)
			</digest>
			<description>
				Get envelope estimation mode for source and filter (&lt;list: source mode, filter mode&gt;)
			</description>
		</method>
		<method name="getmaxfreq">
			<arglist>
			</arglist>
			<digest>
				Get maxfreq maximum f0 in Hz for spectral envelope estimation in true envelope mode (&lt;list: source freq, filter freq&gt;)
			</digest>
			<description>
				Get maxfreq maximum f0 in Hz for spectral envelope estimation in true envelope mode (&lt;list: source freq, filter freq&gt;)
			</description>
		</method>
		<method name="getlpcorder">
			<arglist>
			</arglist>
			<digest>
				Get maximum LPC order for spectral envelope estimation in LPC mode (&lt;list: source order, filter order&gt;)
			</digest>
			<description>
				Get maximum LPC order for spectral envelope estimation in LPC mode (&lt;list: source order, filter order&gt;)
			</description>
		</method>
	</methodlist>

	<!--SEEALSO-->
	<seealsolist>
		<seealso name="supervp.play~" />
		<seealso name=" supervp.scrub~" />
		<seealso name=" supervp.ring~" />
		<seealso name=" supervp.trans~" />
		<seealso name=" supervp.cross~" />
	</seealsolist>

	<!--MENU ITEMS-->
	<menuitemlist>
	</menuitemlist>

	<!--EXAMPLE-->
	<examplelist>
	</examplelist>


</c74object>

