<?xml version="1.0" encoding="utf-8" standalone="yes"?>

<?xml-stylesheet href="./_c74_ref.xsl" type="text/xsl"?>

<c74object name="supervp.play~">
	<digest>
		SuperVP player module
	</digest>
	<description>
		                             SuperVP is an extended phase vocoder engine providing high-quality temporal and spectal sound transformations as well as cross-synthesis.                             The module <o>supervp.play~</o> allows for playing and transforming segments of a sound stored in a buffer~.
	</description>

	<!--METADATA-->
	<metadatalist>
		<metadata name="author">
		Ircam | Centre Pompidou
		</metadata>
		<metadata name="copyright">
		 © 1995 - 2011 IRCAM - Centre Pompidou
		</metadata>
		<metadata name="version">
		2.14.6 (Build 07/2011)
		</metadata>
	</metadatalist>

	<!--INLETS-->
	<inletlist>
	</inletlist>

	<!--OUTLETS-->
	<outletlist>
	</outletlist>

	<!--ARGUMENTS-->
	<objarglist>
		<objarg name="buffer name" type="symbol" optional="0"> 
			<digest>
			</digest>
			<description>
			</description>
		</objarg>
		<objarg name="channels" type="int" optional="0"> 
			<digest>
			</digest>
			<description>
			</description>
		</objarg>
		<objarg name="window size" type="int" optional="0"> 
			<digest>
			</digest>
			<description>
			</description>
		</objarg>
		<objarg name="frequency oversampling" type="int" optional="0"> 
			<digest>
			</digest>
			<description>
			</description>
		</objarg>
		<objarg name="oversampling" type="float" optional="0"> 
			<digest>
			</digest>
			<description>
			</description>
		</objarg>
	</objarglist>

	<!--ATTRIBUTES-->
	<attributelist>
		<attribute name="enable-envscale" get="1" set="1" type="long" size="1">
			<digest>
				Enable Envelope Transposition
			</digest>
			<description>
				Enable Envelope Transposition
			</description>
			<attributelist>
				<attribute name="label" get="1" set="1" type="symbol" value="Enable Envelope Transposition" />
				<attribute name="order" get="1" set="1" type="long" value="303" />
				<attribute name="paint" get="1" set="1" type="long" value="1" />
			</attributelist>
		</attribute>

		<attribute name="enable-envtrans" get="1" set="1" type="long" size="1">
			<digest>
				Enable Envelope Transposition
			</digest>
			<description>
				Enable Envelope Transposition
			</description>
			<attributelist>
				<attribute name="label" get="1" set="1" type="symbol" value="Enable Envelope Transposition" />
				<attribute name="order" get="1" set="1" type="long" value="301" />
				<attribute name="paint" get="1" set="1" type="long" value="1" />
				<attribute name="style" get="1" set="1" type="symbol" value="onoff" />
			</attributelist>
		</attribute>

		<attribute name="enable-remix" get="1" set="1" type="long" size="1">
			<digest>
				Enable Remixing
			</digest>
			<description>
				Enable Remixing
			</description>
			<attributelist>
				<attribute name="label" get="1" set="1" type="symbol" value="Enable Remixing" />
				<attribute name="order" get="1" set="1" type="long" value="400" />
				<attribute name="paint" get="1" set="1" type="long" value="1" />
				<attribute name="style" get="1" set="1" type="symbol" value="onoff" />
			</attributelist>
		</attribute>

		<attribute name="enable-transpose" get="1" set="1" type="long" size="1">
			<digest>
				Enable Transposition
			</digest>
			<description>
				Enable Transposition
			</description>
			<attributelist>
				<attribute name="label" get="1" set="1" type="symbol" value="Enable Transposition" />
				<attribute name="order" get="1" set="1" type="long" value="200" />
				<attribute name="paint" get="1" set="1" type="long" value="1" />
				<attribute name="style" get="1" set="1" type="symbol" value="onoff" />
			</attributelist>
		</attribute>

		<attribute name="envmode" get="1" set="1" type="symbol" size="1">
			<digest>
				Spectral Envelope Mode
			</digest>
			<description>
				Spectral Envelope Mode
			</description>
			<attributelist>
				<attribute name="enumvals" get="1" set="1" type="atom" value="trueenv" />
				<attribute name="label" get="1" set="1" type="symbol" value="Spectral Envelope Mode" />
				<attribute name="order" get="1" set="1" type="long" value="305" />
				<attribute name="style" get="1" set="1" type="symbol" value="enum" />
			</attributelist>
		</attribute>

		<attribute name="envpres" get="1" set="1" type="long" size="1">
			<digest>
				Enable Envelope Preservation
			</digest>
			<description>
				Enable Envelope Preservation
			</description>
			<attributelist>
				<attribute name="label" get="1" set="1" type="symbol" value="Enable Envelope Preservation" />
				<attribute name="order" get="1" set="1" type="long" value="300" />
				<attribute name="style" get="1" set="1" type="symbol" value="onoff" />
			</attributelist>
		</attribute>

		<attribute name="envscale" get="1" set="1" type="float64" size="1">
			<digest>
				Envelope Scaling Factor
			</digest>
			<description>
				Envelope Scaling Factor
			</description>
			<attributelist>
				<attribute name="label" get="1" set="1" type="symbol" value="Envelope Scaling Factor" />
				<attribute name="order" get="1" set="1" type="long" value="304" />
			</attributelist>
		</attribute>

		<attribute name="envtrans" get="1" set="1" type="float64" size="1">
			<digest>
				Envelope Transposition
			</digest>
			<description>
				Envelope Transposition
			</description>
			<attributelist>
				<attribute name="label" get="1" set="1" type="symbol" value="Envelope Transposition" />
				<attribute name="order" get="1" set="1" type="long" value="302" />
			</attributelist>
		</attribute>

		<attribute name="fftover" get="1" set="1" type="long" size="1">
			<digest>
				Frequency Oversampling
			</digest>
			<description>
				Frequency Oversampling
			</description>
			<attributelist>
				<attribute name="label" get="1" set="1" type="symbol" value="Frequency Oversampling" />
				<attribute name="order" get="1" set="1" type="long" value="3" />
			</attributelist>
		</attribute>

		<attribute name="lpcorder" get="1" set="1" type="long" size="1">
			<digest>
				LPC Order
			</digest>
			<description>
				LPC Order
			</description>
			<attributelist>
				<attribute name="label" get="1" set="1" type="symbol" value="LPC Order" />
				<attribute name="order" get="1" set="1" type="long" value="307" />
			</attributelist>
		</attribute>

		<attribute name="maxfreq" get="1" set="1" type="float64" size="1">
			<digest>
				True Envelope Maximum Frequency
			</digest>
			<description>
				True Envelope Maximum Frequency
			</description>
			<attributelist>
				<attribute name="label" get="1" set="1" type="symbol" value="True Envelope Maximum Frequency" />
				<attribute name="order" get="1" set="1" type="long" value="306" />
			</attributelist>
		</attribute>

		<attribute name="maxtrans" get="1" set="1" type="float64" size="1">
			<digest>
				Maximum Transposition
			</digest>
			<description>
				Maximum Transposition
			</description>
			<attributelist>
				<attribute name="label" get="1" set="1" type="symbol" value="Maximum Transposition" />
				<attribute name="order" get="1" set="1" type="long" value="204" />
			</attributelist>
		</attribute>

		<attribute name="mintrans" get="1" set="1" type="float64" size="1">
			<digest>
				Minimum Transposition
			</digest>
			<description>
				Minimum Transposition
			</description>
			<attributelist>
				<attribute name="label" get="1" set="1" type="symbol" value="Minimum Transposition" />
				<attribute name="order" get="1" set="1" type="long" value="203" />
			</attributelist>
		</attribute>

		<attribute name="oversamp" get="1" set="1" type="float64" size="1">
			<digest>
				Oversampling Factor
			</digest>
			<description>
				Oversampling Factor
			</description>
			<attributelist>
				<attribute name="label" get="1" set="1" type="symbol" value="Oversampling Factor" />
				<attribute name="order" get="1" set="1" type="long" value="4" />
			</attributelist>
		</attribute>

		<attribute name="remix" get="1" set="1" type="float64" size="1">
			<digest>
				Remixing Parameters
			</digest>
			<description>
				Remixing Parameters
			</description>
			<attributelist>
				<attribute name="label" get="1" set="1" type="symbol" value="Remixing Parameters" />
				<attribute name="order" get="1" set="1" type="long" value="401" />
			</attributelist>
		</attribute>

		<attribute name="shapeinv" get="1" set="1" type="long" size="1">
			<digest>
				Enable Wave Form Preservation
			</digest>
			<description>
				Enable Wave Form Preservation
			</description>
			<attributelist>
				<attribute name="label" get="1" set="1" type="symbol" value="Enable Wave Form Preservation" />
				<attribute name="order" get="1" set="1" type="long" value="101" />
				<attribute name="style" get="1" set="1" type="symbol" value="onoff" />
			</attributelist>
		</attribute>

		<attribute name="sinmode" get="1" set="1" type="symbol" size="1">
			<digest>
				Sinusoids Remix Mode
			</digest>
			<description>
				Sinusoids Remix Mode
			</description>
			<attributelist>
				<attribute name="enumvals" get="1" set="1" type="atom" value="vocoder" />
				<attribute name="label" get="1" set="1" type="symbol" value="Sinusoids Remix Mode" />
				<attribute name="order" get="1" set="1" type="long" value="402" />
				<attribute name="style" get="1" set="1" type="symbol" value="enum" />
			</attributelist>
		</attribute>

		<attribute name="stereopres" get="1" set="1" type="long" size="1">
			<digest>
				Enable Stereo Preservation
			</digest>
			<description>
				Enable Stereo Preservation
			</description>
			<attributelist>
				<attribute name="label" get="1" set="1" type="symbol" value="Enable Stereo Preservation" />
				<attribute name="order" get="1" set="1" type="long" value="102" />
				<attribute name="style" get="1" set="1" type="symbol" value="onoff" />
			</attributelist>
		</attribute>

		<attribute name="stretch" get="1" set="1" type="float64" size="1">
			<digest>
				Time-Streching Factor
			</digest>
			<description>
				Time-Streching Factor
			</description>
			<attributelist>
				<attribute name="label" get="1" set="1" type="symbol" value="Time-Streching Factor" />
				<attribute name="order" get="1" set="1" type="long" value="1000" />
			</attributelist>
		</attribute>

		<attribute name="transients" get="1" set="1" type="long" size="1">
			<digest>
				Enable Transient Preservation
			</digest>
			<description>
				Enable Transient Preservation
			</description>
			<attributelist>
				<attribute name="label" get="1" set="1" type="symbol" value="Enable Transient Preservation" />
				<attribute name="order" get="1" set="1" type="long" value="100" />
				<attribute name="style" get="1" set="1" type="symbol" value="onoff" />
			</attributelist>
		</attribute>

		<attribute name="transmode" get="1" set="1" type="symbol" size="1">
			<digest>
				Transposition Mode
			</digest>
			<description>
				Transposition Mode
			</description>
			<attributelist>
				<attribute name="enumvals" get="1" set="1" type="atom" value="time" />
				<attribute name="label" get="1" set="1" type="symbol" value="Transposition Mode" />
				<attribute name="order" get="1" set="1" type="long" value="202" />
				<attribute name="style" get="1" set="1" type="symbol" value="enum" />
			</attributelist>
		</attribute>

		<attribute name="transpose" get="1" set="1" type="float64" size="1">
			<digest>
				Transposition
			</digest>
			<description>
				Transposition
			</description>
			<attributelist>
				<attribute name="label" get="1" set="1" type="symbol" value="Transposition" />
				<attribute name="order" get="1" set="1" type="long" value="201" />
				<attribute name="paint" get="1" set="1" type="long" value="1" />
			</attributelist>
		</attribute>

		<attribute name="windowsize" get="1" set="1" type="long" size="1">
			<digest>
				Window Size
			</digest>
			<description>
				Window Size
			</description>
			<attributelist>
				<attribute name="label" get="1" set="1" type="symbol" value="Window Size" />
				<attribute name="order" get="1" set="1" type="long" value="2" />
			</attributelist>
		</attribute>

	</attributelist>

	<!--MESSAGES-->
	<methodlist>
		<method name="getchannels">
			<arglist>
			</arglist>
			<digest>
				Get number of channels (&lt;int: channels&gt;)
			</digest>
			<description>
				Get number of channels (&lt;int: channels&gt;)
			</description>
		</method>
		<method name="getwindowsize">
			<arglist>
			</arglist>
			<digest>
				Get window size (&lt;int: window size&gt;)
			</digest>
			<description>
				Get window size (&lt;int: window size&gt;)
			</description>
		</method>
		<method name="getfftover">
			<arglist>
			</arglist>
			<digest>
				Get frequency oversampling (&lt;int: frequency oversampling&gt;)
			</digest>
			<description>
				Get frequency oversampling (&lt;int: frequency oversampling&gt;)
			</description>
		</method>
		<method name="getoversamp">
			<arglist>
			</arglist>
			<digest>
				Get oversampling (&lt;int: oversampling&gt;)
			</digest>
			<description>
				Get oversampling (&lt;int: oversampling&gt;)
			</description>
		</method>
		<method name="reset">
			<arglist>
			</arglist>
			<digest>
				Empty internal buffers
			</digest>
			<description>
				Empty internal buffers
			</description>
		</method>
		<method name="getlatency">
			<arglist>
			</arglist>
			<digest>
				Get i/o latency
			</digest>
			<description>
				Get i/o latency
			</description>
		</method>
		<method name="set">
			<arglist>
				<arg name="buffer name" type="symbol" optional="0" id="0" />
			</arglist>
			<digest>
				Set buffer~
			</digest>
			<description>
				Set buffer~
			</description>
		</method>
		<method name="gettransients">
			<arglist>
			</arglist>
			<digest>
				Get transient preservation (&lt;'on'|'off': enabled&gt;)
			</digest>
			<description>
				Get transient preservation (&lt;'on'|'off': enabled&gt;)
			</description>
		</method>
		<method name="getshapeinv">
			<arglist>
			</arglist>
			<digest>
				Get wave form preservation (&lt;'on'|'off': enabled&gt;)
			</digest>
			<description>
				Get wave form preservation (&lt;'on'|'off': enabled&gt;)
			</description>
		</method>
		<method name="getstereopres">
			<arglist>
			</arglist>
			<digest>
				Get stereo preservation (&lt;'on'|'off': enabled&gt;)
			</digest>
			<description>
				Get stereo preservation (&lt;'on'|'off': enabled&gt;)
			</description>
		</method>
		<method name="gettranspose">
			<arglist>
			</arglist>
			<digest>
				Get transposition (&lt;float: transposition in cent&gt; or &lt;'off': disabled&gt;)
			</digest>
			<description>
				Get transposition (&lt;float: transposition in cent&gt; or &lt;'off': disabled&gt;)
			</description>
		</method>
		<method name="gettransmode">
			<arglist>
			</arglist>
			<digest>
				Get transposition mode (&lt;'time'|'auto'|'freq': mode&gt;)
			</digest>
			<description>
				Get transposition mode (&lt;'time'|'auto'|'freq': mode&gt;)
			</description>
		</method>
		<method name="getmintrans">
			<arglist>
			</arglist>
			<digest>
				Get minimum transposition (&lt;float: transposition in cent&gt;)
			</digest>
			<description>
				Get minimum transposition (&lt;float: transposition in cent&gt;)
			</description>
		</method>
		<method name="getmaxtrans">
			<arglist>
			</arglist>
			<digest>
				Get maximum transposition (&lt;'on'|'off': enabled&gt;)
			</digest>
			<description>
				Get maximum transposition (&lt;'on'|'off': enabled&gt;)
			</description>
		</method>
		<method name="getenvpres">
			<arglist>
			</arglist>
			<digest>
				Get envelope preservation (&lt;'on'|'off': enabled&gt;)
			</digest>
			<description>
				Get envelope preservation (&lt;'on'|'off': enabled&gt;)
			</description>
		</method>
		<method name="getenvtrans">
			<arglist>
			</arglist>
			<digest>
				Get envelope transposition (&lt;float: transposition in cent&gt; or &lt;'off': disabled&gt;)
			</digest>
			<description>
				Get envelope transposition (&lt;float: transposition in cent&gt; or &lt;'off': disabled&gt;)
			</description>
		</method>
		<method name="getenvscale">
			<arglist>
			</arglist>
			<digest>
				Get envelope scaling (&lt;list: timbre scaling, mean scaling&gt; or &lt;'off': disabled&gt;)
			</digest>
			<description>
				Get envelope scaling (&lt;list: timbre scaling, mean scaling&gt; or &lt;'off': disabled&gt;)
			</description>
		</method>
		<method name="getenvmode">
			<arglist>
			</arglist>
			<digest>
				Get envelope estimation mode (&lt;'trueenv'|'lpc': mode&gt;)
			</digest>
			<description>
				Get envelope estimation mode (&lt;'trueenv'|'lpc': mode&gt;)
			</description>
		</method>
		<method name="getmaxfreq">
			<arglist>
			</arglist>
			<digest>
				Get maxfreq maximum f0 in Hz for spectral envelope estimation in true envelope mode (&lt;float: freq&gt;)
			</digest>
			<description>
				Get maxfreq maximum f0 in Hz for spectral envelope estimation in true envelope mode (&lt;float: freq&gt;)
			</description>
		</method>
		<method name="getlpcorder">
			<arglist>
			</arglist>
			<digest>
				Get maximum LPC order for spectral envelope estimation in LPC mode (&lt;int: LPC order&gt;)
			</digest>
			<description>
				Get maximum LPC order for spectral envelope estimation in LPC mode (&lt;int: LPC order&gt;)
			</description>
		</method>
		<method name="getremix">
			<arglist>
			</arglist>
			<digest>
				Get sinusoids/noise/transients remix (&lt;list: sinusoids, noise, transients, relax time, noise error&gt; or &lt;'off': disabled&gt;)
			</digest>
			<description>
				Get sinusoids/noise/transients remix (&lt;list: sinusoids, noise, transients, relax time, noise error&gt; or &lt;'off': disabled&gt;)
			</description>
		</method>
		<method name="getsinmode">
			<arglist>
			</arglist>
			<digest>
				Get sinusoids remix mode (&lt;'vocoder'|'additive': mode&gt;)
			</digest>
			<description>
				Get sinusoids remix mode (&lt;'vocoder'|'additive': mode&gt;)
			</description>
		</method>
		<method name="getstretch">
			<arglist>
			</arglist>
			<digest>
				Get time-streching factor (&lt;float: time-streching factor&gt;)
			</digest>
			<description>
				Get time-streching factor (&lt;float: time-streching factor&gt;)
			</description>
		</method>
		<method name="position">
			<arglist>
				<arg name="position in ms" type="float" optional="0" id="0" />
			</arglist>
			<digest>
				Set (or jump to) position
			</digest>
			<description>
				Set (or jump to) position
			</description>
		</method>
		<method name="getposition">
			<arglist>
			</arglist>
			<digest>
				Output current position
			</digest>
			<description>
				Output current position
			</description>
		</method>
		<method name="start">
			<arglist>
			</arglist>
			<digest>
				Start playing
			</digest>
			<description>
				Start playing
			</description>
		</method>
		<method name="stop">
			<arglist>
			</arglist>
			<digest>
				Stop playing
			</digest>
			<description>
				Stop playing
			</description>
		</method>
		<method name="loop">
			<arglist>
				<arg name="enable" type="bool" optional="0" id="0" />
			</arglist>
			<digest>
				Enable/disable loop
			</digest>
			<description>
				Enable/disable loop
			</description>
		</method>
		<method name="pause">
			<arglist>
			</arglist>
			<digest>
				Pause playing (restart with 'play')
			</digest>
			<description>
				Pause playing (restart with 'play')
			</description>
		</method>
		<method name="play">
			<arglist>
				<arg name="begin" type="float" optional="0" id="0" />
				<arg name="end" type="float" optional="0" id="0" />
				<arg name="speed" type="float" optional="0" id="0" />
				<arg name="loop" type="int" optional="0" id="0" />
			</arglist>
			<digest>
				Play a given segment in given speed (resets scheduled segments)
			</digest>
			<description>
				Play a given segment in given speed (resets scheduled segments)
			</description>
		</method>
		<method name="append">
			<arglist>
				<arg name="begin" type="float" optional="0" id="0" />
				<arg name="end" type="float" optional="0" id="0" />
				<arg name="speed" type="float" optional="0" id="0" />
				<arg name="loop" type="int" optional="0" id="0" />
			</arglist>
			<digest>
				Append a segment to the list of scheduled segments
			</digest>
			<description>
				Append a segment to the list of scheduled segments
			</description>
		</method>
		<method name="next">
			<arglist>
			</arglist>
			<digest>
				Jump to next scheduled segment
			</digest>
			<description>
				Jump to next scheduled segment
			</description>
		</method>
		<method name="forget">
			<arglist>
			</arglist>
			<digest>
				Clear list of scheduled segments
			</digest>
			<description>
				Clear list of scheduled segments
			</description>
		</method>
	</methodlist>

	<!--SEEALSO-->
	<seealsolist>
		<seealso name="supervp.scrub~" />
		<seealso name=" supervp.ring~" />
		<seealso name=" supervp.trans~" />
		<seealso name=" supervp.cross~" />
		<seealso name=" supervp.sourcefilter~" />
	</seealsolist>

	<!--MENU ITEMS-->
	<menuitemlist>
	</menuitemlist>

	<!--EXAMPLE-->
	<examplelist>
	</examplelist>


</c74object>

